{
    "name": "Transfer",
    "unit": "Seconds",
    "min": 1.233411,
    "max": 1.808288,
    "mean": 1.466248,
    "median": 1.4832365,
    "stdev": 0.1819644372248712,
    "count": 40
}