{"name": "Transfer", "unit": "Seconds", "min": 0.165136, "max": 4.307445, "mean": 1.70693675, "median": 1.5557705, "stdev": 0.6670945483886777, "count": 48}